[
  {
    "identificador": 0,
    "estaHabilitado": false,
    "honorarioConsulta": 2007.68,
    "edad": 29,
    "nombre": "Huber Wilkins",
    "sexo": "male",
    "email": "huberwilkins@speedbolt.com",
    "telefono": "+1 (926) 409-3726",
    "direccion": "197 Stuart Street, Bowmansville, South Dakota, 4723",
    "especialidad": "Neumonologia",
    "cantidadConsultas": 0,
    "puntuacion": 0
  },
  {
    "identificador": 1,
    "estaHabilitado": true,
    "honorarioConsulta": 2325.56,
    "edad": 21,
    "nombre": "Goldie Haley",
    "sexo": "female",
    "email": "goldiehaley@speedbolt.com",
    "telefono": "+1 (964) 481-3970",
    "direccion": "918 Hinckley Place, Whitestone, Maryland, 6965",
    "especialidad": "Cardiologia",
    "cantidadConsultas": 0,
    "puntuacion": 0
  },
  {
    "identificador": 2,
    "estaHabilitado": false,
    "honorarioConsulta": 2208.17,
    "edad": 36,
    "nombre": "Pena Landry",
    "sexo": "male",
    "email": "penalandry@speedbolt.com",
    "telefono": "+1 (983) 582-2868",
    "direccion": "552 Anchorage Place, Bordelonville, Louisiana, 9156",
    "especialidad": "Dermatologia",
    "cantidadConsultas": 0,
    "puntuacion": 0
  },
  {
    "identificador": 3,
    "estaHabilitado": false,
    "honorarioConsulta": 3266.71,
    "edad": 20,
    "nombre": "Leanne Burch",
    "sexo": "female",
    "email": "leanneburch@speedbolt.com",
    "telefono": "+1 (857) 598-3366",
    "direccion": "262 Dover Street, Crumpler, Florida, 915",
    "especialidad": "Neumonologia",
    "cantidadConsultas": 0,
    "puntuacion": 0
  },
  {
    "identificador": 4,
    "estaHabilitado": false,
    "honorarioConsulta": 2674.09,
    "edad": 31,
    "nombre": "Haynes Fuentes",
    "sexo": "male",
    "email": "haynesfuentes@speedbolt.com",
    "telefono": "+1 (943) 411-2870",
    "direccion": "703 Livingston Street, Lynn, Vermont, 4167",
    "especialidad": "Cardiologia",
    "cantidadConsultas": 0,
    "puntuacion": 0
  },
  {
    "identificador": 5,
    "estaHabilitado": true,
    "honorarioConsulta": 1851.37,
    "edad": 27,
    "nombre": "Tamika Fuentes",
    "sexo": "female",
    "email": "tamikanewman@speedbolt.com",
    "telefono": "+1 (876) 489-3988",
    "direccion": "906 Poly Place, Summertown, Minnesota, 6099",
    "especialidad": "Cardiologia",
    "cantidadConsultas": 0,
    "puntuacion": 0
  },
  {
    "identificador": 6,
    "estaHabilitado": true,
    "honorarioConsulta": 2568.94,
    "edad": 34,
    "nombre": "Russo Baldwin",
    "sexo": "male",
    "email": "russobaldwin@speedbolt.com",
    "telefono": "+1 (907) 587-3893",
    "direccion": "101 Ocean Avenue, National, Nebraska, 7757",
    "especialidad": "Dermatologia",
    "cantidadConsultas": 0,
    "puntuacion": 0
  },
  {
    "identificador": 7,
    "estaHabilitado": true,
    "honorarioConsulta": 2601.76,
    "edad": 36,
    "nombre": "Dodson Shaffer",
    "sexo": "male",
    "email": "dodsonshaffer@speedbolt.com",
    "telefono": "+1 (849) 409-2077",
    "direccion": "296 Erasmus Street, Temperanceville, Mississippi, 5042",
    "especialidad": "Cardiologia",
    "cantidadConsultas": 0,
    "puntuacion": 0
  },
  {
    "identificador": 8,
    "estaHabilitado": true,
    "honorarioConsulta": 1949.92,
    "edad": 40,
    "nombre": "Guerra Bright",
    "sexo": "male",
    "email": "guerrabright@speedbolt.com",
    "telefono": "+1 (977) 484-3402",
    "direccion": "135 Bergen Street, Independence, Arkansas, 7841",
    "especialidad": "Neumonologia",
    "cantidadConsultas": 0,
    "puntuacion": 0
  },
  {
    "identificador": 9,
    "estaHabilitado": true,
    "honorarioConsulta": 3898.11,
    "edad": 20,
    "nombre": "Dina Navarro",
    "sexo": "female",
    "email": "dinanavarro@speedbolt.com",
    "telefono": "+1 (943) 564-2994",
    "direccion": "192 Chauncey Street, Catherine, Delaware, 725",
    "especialidad": "Cardiologia",
    "cantidadConsultas": 0,
    "puntuacion": 0
  },
  {
    "identificador": 10,
    "estaHabilitado": false,
    "honorarioConsulta": 2745.73,
    "edad": 27,
    "nombre": "Stafford Watts",
    "sexo": "male",
    "email": "staffordwatts@speedbolt.com",
    "telefono": "+1 (868) 569-2978",
    "direccion": "962 Herzl Street, Coyote, Alaska, 8303",
    "especialidad": "Cardiologia",
    "cantidadConsultas": 0,
    "puntuacion": 0
  },
  {
    "identificador": 11,
    "estaHabilitado": false,
    "honorarioConsulta": 2808.98,
    "edad": 39,
    "nombre": "Joni Avery",
    "sexo": "female",
    "email": "joniavery@speedbolt.com",
    "telefono": "+1 (960) 499-3265",
    "direccion": "127 Gilmore Court, Carrizo, Wisconsin, 6181",
    "especialidad": "Neumonologia",
    "cantidadConsultas": 0,
    "puntuacion": 0
  },
  {
    "identificador": 12,
    "estaHabilitado": true,
    "honorarioConsulta": 1941.13,
    "edad": 21,
    "nombre": "Mayra Tran",
    "sexo": "female",
    "email": "mayratran@speedbolt.com",
    "telefono": "+1 (976) 510-2656",
    "direccion": "618 Central Avenue, Coalmont, Alabama, 5329",
    "especialidad": "Oftamologia",
    "cantidadConsultas": 0,
    "puntuacion": 0
  },
  {
    "identificador": 13,
    "estaHabilitado": false,
    "honorarioConsulta": 3930.0344999999998,
    "edad": 23,
    "nombre": "Ward Dale",
    "sexo": "male",
    "email": "warddale@speedbolt.com",
    "telefono": "+1 (916) 562-3587",
    "direccion": "184 McClancy Place, Walker, Kentucky, 2536",
    "especialidad": "Cardiologia",
    "cantidadConsultas": 1,
    "puntuacion": 0,
    "puntaje": 3
  }
]
